symbol,variant,eligible_minutes,alerts,target5_before_stop2,false_alerts,censored,precision_pct,mean_net_pct,episodes15pct,episodes_detected,mean_lead_minutes
MAGICUSDT,VOLUME,5528,84,11,73,0,13.10,0.084,4,3,59.67
MAGICUSDT,VOLUME_FLOW,5528,38,6,32,0,15.79,0.404,4,2,64.00
MAGICUSDT,VOLUME_TRADES,5528,71,8,63,0,11.27,-0.147,4,3,58.67
MAGICUSDT,BREAKOUT,5528,95,12,83,0,12.63,0.067,4,4,56.00
MAGICUSDT,FULL_WATCH,5528,8,0,8,0,0.00,-1.098,4,1,69.00
MAGICUSDT,FULL_BUY,5528,2,0,2,0,0.00,-1.114,4,0,NA
KAIAUSDT,VOLUME,5528,89,2,87,0,2.25,-0.508,2,2,68.50
KAIAUSDT,VOLUME_FLOW,5528,53,1,52,0,1.89,-0.517,2,2,70.50
KAIAUSDT,VOLUME_TRADES,5528,78,1,77,0,1.28,-0.681,2,2,29.00
KAIAUSDT,BREAKOUT,5528,69,2,66,1,2.94,-0.595,2,1,103.00
KAIAUSDT,FULL_WATCH,5528,7,0,7,0,0.00,-1.294,2,0,NA
KAIAUSDT,FULL_BUY,5528,2,0,2,0,0.00,-0.903,2,0,NA
BATUSDT,VOLUME,5528,104,10,93,1,9.71,-0.054,1,1,97.00
BATUSDT,VOLUME_FLOW,5528,67,8,58,1,12.12,-0.047,1,1,97.00
BATUSDT,VOLUME_TRADES,5528,92,10,81,1,10.99,0.020,1,1,97.00
BATUSDT,BREAKOUT,5528,67,6,59,2,9.23,-0.087,1,1,119.00
BATUSDT,FULL_WATCH,5528,8,5,3,0,62.50,2.302,1,1,62.00
BATUSDT,FULL_BUY,5528,0,0,0,0,NA,NA,1,0,NA
ZKUSDT,VOLUME,5528,103,1,102,0,0.97,-0.406,0,0,NA
ZKUSDT,VOLUME_FLOW,5528,51,1,50,0,1.96,-0.349,0,0,NA
ZKUSDT,VOLUME_TRADES,5528,85,1,84,0,1.18,-0.260,0,0,NA
ZKUSDT,BREAKOUT,5528,75,2,72,1,2.70,-0.268,0,0,NA
ZKUSDT,FULL_WATCH,5528,20,1,19,0,5.00,-0.356,0,0,NA
ZKUSDT,FULL_BUY,5528,7,0,7,0,0.00,-0.526,0,0,NA
STRKUSDT,VOLUME,5528,76,6,70,0,7.89,-0.211,2,2,95.50
STRKUSDT,VOLUME_FLOW,5528,37,5,32,0,13.51,0.018,2,2,94.00
STRKUSDT,VOLUME_TRADES,5528,65,5,60,0,7.69,-0.240,2,2,95.50
STRKUSDT,BREAKOUT,5528,58,9,49,0,15.52,0.184,2,2,87.50
STRKUSDT,FULL_WATCH,5528,19,1,18,0,5.26,-0.272,2,1,102.00
STRKUSDT,FULL_BUY,5528,6,0,6,0,0.00,-0.286,2,0,NA
BTCUSDT,VOLUME,5528,43,0,43,0,0.00,-0.461,0,0,NA
BTCUSDT,VOLUME_FLOW,5528,18,0,18,0,0.00,-0.460,0,0,NA
BTCUSDT,VOLUME_TRADES,5528,27,0,27,0,0.00,-0.423,0,0,NA
BTCUSDT,BREAKOUT,5528,8,0,8,0,0.00,-0.394,0,0,NA
BTCUSDT,FULL_WATCH,5528,9,0,9,0,0.00,-0.473,0,0,NA
BTCUSDT,FULL_BUY,5528,2,0,2,0,0.00,-0.157,0,0,NA
ETHUSDT,VOLUME,5528,52,0,51,1,0.00,-0.537,0,0,NA
ETHUSDT,VOLUME_FLOW,5528,22,0,22,0,0.00,-0.458,0,0,NA
ETHUSDT,VOLUME_TRADES,5528,40,0,39,1,0.00,-0.617,0,0,NA
ETHUSDT,BREAKOUT,5528,16,0,16,0,0.00,-0.554,0,0,NA
ETHUSDT,FULL_WATCH,5528,17,0,17,0,0.00,-0.527,0,0,NA
ETHUSDT,FULL_BUY,5528,3,0,3,0,0.00,-0.751,0,0,NA
BNBUSDT,VOLUME,5528,54,0,53,1,0.00,-0.500,0,0,NA
BNBUSDT,VOLUME_FLOW,5528,18,0,17,1,0.00,-0.444,0,0,NA
BNBUSDT,VOLUME_TRADES,5528,35,0,34,1,0.00,-0.553,0,0,NA
BNBUSDT,BREAKOUT,5528,7,0,7,0,0.00,-0.428,0,0,NA
BNBUSDT,FULL_WATCH,5528,10,0,10,0,0.00,-0.504,0,0,NA
BNBUSDT,FULL_BUY,5528,1,0,1,0,0.00,-0.419,0,0,NA
XRPUSDT,VOLUME,5528,50,0,50,0,0.00,-0.695,0,0,NA
XRPUSDT,VOLUME_FLOW,5528,22,0,22,0,0.00,-0.630,0,0,NA
XRPUSDT,VOLUME_TRADES,5528,44,0,44,0,0.00,-0.704,0,0,NA
XRPUSDT,BREAKOUT,5528,27,0,26,1,0.00,-0.592,0,0,NA
XRPUSDT,FULL_WATCH,5528,17,0,17,0,0.00,-0.783,0,0,NA
XRPUSDT,FULL_BUY,5528,3,0,3,0,0.00,-1.104,0,0,NA
ADAUSDT,VOLUME,5528,64,0,62,2,0.00,-0.600,0,0,NA
ADAUSDT,VOLUME_FLOW,5528,32,0,31,1,0.00,-0.551,0,0,NA
ADAUSDT,VOLUME_TRADES,5528,51,0,50,1,0.00,-0.607,0,0,NA
ADAUSDT,BREAKOUT,5528,46,0,46,0,0.00,-0.522,0,0,NA
ADAUSDT,FULL_WATCH,5528,13,0,13,0,0.00,-0.488,0,0,NA
ADAUSDT,FULL_BUY,5528,4,0,4,0,0.00,-0.787,0,0,NA
